{
  "model": "bert",
  "accuracy": 0.8623013962445836,
  "precision": 0.872858431018936,
  "recall": 0.8697214734950584,
  "f1": 0.8712871287128713,
  "time": 595.638144493103
}