{
  "model": "bert",
  "accuracy": 0.8714492055849783,
  "precision": 0.8702892199824716,
  "recall": 0.8929856115107914,
  "f1": 0.881491344873502,
  "time": 421.378262758255
}