{
  "model": "cnn",
  "accuracy": 0.8545979778526721,
  "precision": 0.8694469628286491,
  "recall": 0.8585496866606983,
  "f1": 0.8639639639639639,
  "time": 279.73999881744385
}