{
  "model": "cnn",
  "accuracy": 0.8343765045739047,
  "precision": 0.8317349607672189,
  "recall": 0.8633484162895928,
  "f1": 0.8472468916518651
}