{
  "model": "logreg",
  "accuracy": 0.8517091959557054,
  "precision": 0.8709677419354839,
  "recall": 0.8490566037735849,
  "f1": 0.8598726114649682,
  "time": 0.21703505516052246
}