{
  "model": "lstm",
  "accuracy": 0.8488204140587385,
  "precision": 0.85625,
  "recall": 0.862410071942446,
  "f1": 0.8593189964157706
}