{
  "model": "lstm",
  "accuracy": 0.8387096774193549,
  "precision": 0.8404907975460123,
  "recall": 0.862410071942446,
  "f1": 0.8513093652907234
}