{
  "model": "lstm",
  "accuracy": 0.8497833413577275,
  "precision": 0.8664226898444648,
  "recall": 0.8508535489667565,
  "f1": 0.8585675430643699
}