{
  "model": "lstm",
  "accuracy": 0.8411169956668272,
  "precision": 0.847864768683274,
  "recall": 0.8570143884892086,
  "f1": 0.8524150268336315,
  "time": 4152.5220313072205
}