{
  "model": "lstm",
  "accuracy": 0.8435243139142995,
  "precision": 0.8701787394167451,
  "recall": 0.8318345323741008,
  "f1": 0.8505747126436781,
  "time": 1138.3167300224304
}