{
  "model": "naive bayes",
  "accuracy": 0.8526721232546943,
  "precision": 0.8524017467248908,
  "recall": 0.8769092542677448,
  "f1": 0.8644818423383526,
  "time": 0.2584247589111328
}