{
  "model": "SVM",
  "accuracy": 0.8401540683678382,
  "precision": 0.8572735590118938,
  "recall": 0.8418688230008985,
  "f1": 0.8495013599274706,
  "time": 0.29252076148986816
}